-- MySQL dump 10.13  Distrib 5.7.9, for Win64 (x86_64)
--
-- Host: localhost    Database: projectdb
-- ------------------------------------------------------
-- Server version	5.7.12-log

/*!40101 SET @OLD_CHARACTER_SET_CLIENT=@@CHARACTER_SET_CLIENT */;
/*!40101 SET @OLD_CHARACTER_SET_RESULTS=@@CHARACTER_SET_RESULTS */;
/*!40101 SET @OLD_COLLATION_CONNECTION=@@COLLATION_CONNECTION */;
/*!40101 SET NAMES utf8 */;
/*!40103 SET @OLD_TIME_ZONE=@@TIME_ZONE */;
/*!40103 SET TIME_ZONE='+00:00' */;
/*!40014 SET @OLD_UNIQUE_CHECKS=@@UNIQUE_CHECKS, UNIQUE_CHECKS=0 */;
/*!40014 SET @OLD_FOREIGN_KEY_CHECKS=@@FOREIGN_KEY_CHECKS, FOREIGN_KEY_CHECKS=0 */;
/*!40101 SET @OLD_SQL_MODE=@@SQL_MODE, SQL_MODE='NO_AUTO_VALUE_ON_ZERO' */;
/*!40111 SET @OLD_SQL_NOTES=@@SQL_NOTES, SQL_NOTES=0 */;

--
-- Table structure for table `city`
--

DROP TABLE IF EXISTS `city`;
/*!40101 SET @saved_cs_client     = @@character_set_client */;
/*!40101 SET character_set_client = utf8 */;
CREATE TABLE `city` (
  `CityId` int(11) NOT NULL,
  `CityName` varchar(45) NOT NULL,
  `CountryId` int(11) NOT NULL,
  `Population` int(11) DEFAULT NULL,
  PRIMARY KEY (`CityId`),
  KEY `CountryId_idx` (`CountryId`),
  CONSTRAINT `CountryId` FOREIGN KEY (`CountryId`) REFERENCES `country` (`CountryId`) ON DELETE NO ACTION ON UPDATE NO ACTION
) ENGINE=InnoDB DEFAULT CHARSET=big5;
/*!40101 SET character_set_client = @saved_cs_client */;

--
-- Dumping data for table `city`
--

LOCK TABLES `city` WRITE;
/*!40000 ALTER TABLE `city` DISABLE KEYS */;
INSERT INTO `city` VALUES (1,'Tokyo',10,37843000),(2,'Jakarta',4,30539000),(3,'Delhi',2,24998000),(4,'Manila',12,24123000),(5,'Seoul',26,23480000),(6,'Shanghai',1,23416000),(7,'Karachi',6,22123000),(8,'Beijing',1,21009000),(9,'New York City',3,20630000),(10,'Guangzhou',1,20597000),(11,'Sao Paulo',5,20365000),(12,'Mexico City',11,20063000),(13,'Mumbai',2,17712000),(14,'Osaka',10,17444000),(15,'Moscow',9,16170000),(16,'Dhaka',8,15669000),(17,'Cairo',16,15600000),(18,'Los Angeles',3,15058000),(19,'Bangkok',20,14998000),(20,'Kolkata',2,14667000),(21,'Buenos Aires',32,14122000),(23,'Istanbul',18,13287000),(24,'Lagos',7,13123000),(25,'Shenzhen',1,12084000),(26,'Rio de Janeiro',5,11727000),(27,'Kinshasa',123,11587000),(28,'Tianjin',1,10920000),(29,'Paris',21,10858000),(30,'Lima',42,10750000),(31,'Chengdu',1,10376000),(32,'London',22,10236000),(33,'Nagoya',10,10177000),(34,'Lahore',6,10052000),(35,'Chennai',2,9714000),(36,'Chicago',3,9156000),(37,'Bogota',28,8991000),(38,'Ho Chi Minh City',14,8957000),(39,'Hyderabad',2,8754000),(41,'Bengaluru',2,8728906),(42,'Johannesburg',25,8432000),(43,'Wuhan',1,7509000),(44,'Taipei',52,7438000),(45,'Hangzhou',1,7275000),(46,'Hong Kong',1,7246000),(47,'Chongqing',1,7217000),(48,'Ahmedabad',2,7186000),(49,'Kuala Lumpur',43,7088000),(50,'Quanzhou',1,6710000),(51,'Dusseldorf',15,6679000),(52,'Baghdad',38,6625000),(53,'Toronto',37,6456000),(54,'Santiago',61,6225000),(55,'Dallas',3,6174000),(56,'Madrid',29,6171000),(57,'Nanjing',1,6155000),(58,'Shenyang',1,6078000),(59,'Xian–Xianyang',1,5977000),(60,'San Jose',3,5929000),(61,'Luanda',57,5899000),(62,'Jimo',1,5816000),(63,'Houston',3,5764000),(64,'Miami',3,5764000),(65,'Bandung',4,5695000),(66,'Riyadh',45,5666000),(67,'Pune',2,5631000),(68,'Singapore',115,5624000),(69,'Philadelphia',3,5570000),(70,'Surat',2,5447000),(71,'Milan',23,5257000),(72,'Suzhou',1,5246000),(73,'Saint Petersburg',9,5126000),(74,'Khartoum',35,5125000),(75,'Atlanta',3,5015000),(76,'Xingyang',1,4942000),(77,'Washington D.C.',3,4889000),(78,'Surabaya',4,4881000),(79,'Harbin',1,4815000),(80,'Yangon',24,4800000),(82,'Nairobi',31,4738000),(83,'Barcelona',29,4693000),(84,'Alexandria',16,4689000),(85,'Kabul',40,4635000),(86,'Guadalajara',11,4603000),(87,'Ankara',18,4538000),(88,'Belo Horizonte',5,4517000),(89,'Boston',3,4478000),(90,'Xiamen',1,4420000),(91,'KuwaitCity',135,4283000),(92,'Dares Salaam',27,4219000),(93,'Phoenix',3,4194000),(94,'Dalian',1,4183000),(95,'Accra',47,4145000),(96,'Monterrey',11,4083000),(97,'Berlin',15,4069000),(98,'Sydney',51,4036000),(99,'Fuzhou',1,3962000),(100,'Medan',4,3942000),(101,'Dubai',94,3933000),(102,'Melbourne',51,3906000),(103,'Rome',23,3906000),(104,'Busan',26,3906000),(105,'CapeTown',25,3812000),(106,'Jinan',1,3789000),(107,'Ningbo',1,3753000),(108,'Hanoi',14,3715000),(109,'Naples',23,3706000),(110,'Yuci',1,3702000),(111,'Jeddah',45,3677000),(112,'Detroit',3,3672000),(113,'Hefei',1,3665000),(114,'Changsha',1,3657000),(115,'Anning',1,3649000),(116,'Wuxi',1,3597000),(117,'Medellin',28,3568000),(118,'Faisalabad',6,3560000),(119,'Aleppo',55,3560000),(120,'Kano',7,3550000),(121,'Montreal',37,3407963),(122,'Dakar',72,3520000),(123,'Athens',78,3484000),(124,'Changzhou',1,3425000),(125,'Durban',25,3421000),(126,'PortoAlegre',5,3413000),(127,'Jaipur',2,3409000),(128,'Fortaleza',5,3401000),(129,'AddisAbaba',13,3376000),(130,'Changchun',1,3368000),(131,'Shijiazhuang',1,3367000),(132,'Recife',5,3347000),(133,'Mashhad',17,3294000),(134,'Seattle',3,3218000),(135,'Casablanca',39,3211000),(136,'Salvador',5,3190000),(137,'Rumqi',1,3184000),(139,'Chittagong',8,3176000),(140,'Wenzhou',1,3169000),(141,'Ibadan',7,3160000),(142,'Izmir',18,3112000),(143,'Curitiba',5,3102000),(144,'San Diego',3,3086000),(145,'Yaounde',54,3060000),(146,'Jingjiang',1,3056000),(147,'Kanpur',2,3037000),(148,'Zhongshan',1,3031000),(149,'Sanaa',50,2980000),(150,'Tel Aviv',99,2979000),(151,'Dong guan',1,8442000),(152,'Lucknow',2,3184000);
/*!40000 ALTER TABLE `city` ENABLE KEYS */;
UNLOCK TABLES;

--
-- Table structure for table `country`
--

DROP TABLE IF EXISTS `country`;
/*!40101 SET @saved_cs_client     = @@character_set_client */;
/*!40101 SET character_set_client = utf8 */;
CREATE TABLE `country` (
  `CountryId` int(11) NOT NULL,
  `CountryName` varchar(45) NOT NULL,
  `Population` int(11) DEFAULT NULL,
  PRIMARY KEY (`CountryId`)
) ENGINE=InnoDB DEFAULT CHARSET=big5;
/*!40101 SET character_set_client = @saved_cs_client */;

--
-- Dumping data for table `country`
--

LOCK TABLES `country` WRITE;
/*!40000 ALTER TABLE `country` DISABLE KEYS */;
INSERT INTO `country` VALUES (1,'China',1385566537),(2,'India',1252139596),(3,'United States',320050716),(4,'Indonesia',249865631),(5,'Brazil',205361925),(6,'Pakistan',182142594),(7,'Nigeria',173615345),(8,'Bangladesh',156594962),(9,'Russia',142833689),(10,'Japan',127143577),(11,'Mexico',122332399),(12,'Philippines',98393574),(13,'Ethiopia',94100756),(14,'Vietnam',91679733),(15,'Germany',82726626),(16,'Egypt',82056378),(17,'Iran',77447168),(18,'Turkey',74932641),(19,'Congo',67513677),(20,'Thailand',67010502),(21,'France',64291280),(22,'United Kingdom',63136265),(23,'Italy',60990277),(24,'Myanmar',53259018),(25,'South Africa',52776130),(26,'South Korea',49262698),(27,'Tanzania',49253126),(28,'Colombia',48321405),(29,'Spain',46926963),(30,'Ukraine',45238805),(31,'Kenya',44353691),(32,'Argentina',41446246),(33,'Algeria',39208194),(34,'Poland',38216635),(35,'Sudan',37964306),(36,'Uganda',37578876),(37,'Canada',35181704),(38,'Iraq',33765232),(39,'Morocco',33008150),(40,'Afghanistan',30551674),(41,'Venezuela',30405207),(42,'Peru',30375603),(43,'Malaysia',29716965),(44,'Uzbekistan',28934102),(45,'SaudiArabia',28828870),(46,'Nepal',27797457),(47,'Ghana',25904598),(48,'Mozambique',25833752),(49,'NorthKorea',24895480),(50,'Yemen',24407381),(51,'Australia',23342553),(52,'Taiwan',23329772),(53,'Madagascar',22924851),(54,'Cameroon',22253959),(55,'Syria',21898061),(56,'Romania',21698585),(57,'Angola',21471618),(58,'SriLanka',21273228),(59,'Cote de Ivoire',20316086),(60,'Niger',17831270),(61,'Chile',17619708),(62,'Burkina Faso',16934839),(63,'Netherlands',16759229),(64,'Kazakhstan',16440586),(65,'Malawi',16362567),(66,'Ecuador',15737878),(67,'Guatemala',15468203),(68,'Mali',15301650),(69,'Cambodia',15135169),(70,'Zambia',14538640),(71,'Zimbabwe',14149648),(72,'Senegal',14133280),(73,'Chad',12825314),(74,'Rwanda',11776522),(75,'Guinea',11745189),(76,'South Sudan',11296173),(77,'Cuba',11265629),(78,'Greece',11127990),(79,'Belgium',11104476),(80,'Tunisia',10996515),(81,'Czech Republic',10702197),(82,'Bolivia',10671200),(83,'Portugal',10608156),(84,'Somalia',10495583),(85,'Dominican Republic',10403761),(86,'Benin',10323474),(87,'Haiti',10317461),(88,'Burundi',10162532),(89,'Hungary',9954941),(90,'Sweden',9571105),(91,'Serbia',9510506),(92,'Azerbaijan',9413420),(93,'Belarus',9356678),(94,'United Arab Emirates',9346129),(95,'Austria',8495145),(96,'Tajikistan',8207834),(97,'Honduras',8097688),(98,'Switzerland',8077833),(99,'Israel',7733144),(100,'Papua New Guinea',7321262),(101,'Jordan',7273799),(102,'Bulgaria',7222943),(103,'Togo',6816982),(104,'Paraguay',6802295),(105,'Laos',6769727),(106,'ElSalvador',6340454),(107,'Eritrea',6333135),(108,'Libya',6201521),(109,'SierraLeone',6092075),(110,'Nicaragua',6080478),(111,'Denmark',5619096),(112,'Kyrgyzstan',5547548),(113,'Slovakia',5450223),(114,'Finland',5426323),(115,'Singapore',5411737),(116,'Turkmenistan',5240072),(117,'Norway',5042671),(118,'CostaRica',4872166),(119,'Lebanon',4821971),(120,'Ireland',4627173),(121,'Central African Republic',4616417),(122,'NewZealand',4505761),(123,'Congo',4447632),(124,'Georgia',4340895),(125,'Palestine',4326295),(126,'Liberia',4294077),(127,'Croatia',4289714),(128,'Mauritania',3889880),(129,'Panama',3864170),(130,'Bosnia and Herzegovina',3829307),(131,'Puerto Rico',3688318),(132,'Oman',3632444),(133,'Moldova',3487204),(134,'Uruguay',3407062),(135,'Kuwait',3368572),(136,'Albania',3173271),(137,'Lithuania',3016933),(138,'Armenia',2976566),(139,'Mongolia',2839073),(140,'Jamaica',2783888),(141,'Namibia',2303315),(142,'Qatar',2168673),(143,'Macedonia',2107158),(144,'Lesotho',2074465),(145,'Slovenia',2071997),(146,'Latvia',2050317),(147,'Botswana',2021144),(148,'Gambia',1849285),(149,'Guinea-Bissau',1704255),(150,'Gabon',1671711),(151,'Trinidad and Tobago',1341151),(152,'Bahrain',1332171),(153,'Estonia',1287251),(154,'Swaziland',1249514),(155,'Mauritius',1244403),(156,'Cyprus',1141166),(157,'Timor-Leste',1132879),(158,'Fiji',881065),(159,'Reunion',875375),(160,'Djibouti',872932),(161,'Guyana',799613),(162,'Equatorial Guinea',757014),(163,'Bhutan',753947),(164,'Comoros',734917),(165,'Montenegro',621383),(166,'Western Sahara',567315),(167,'Macau',566375),(168,'Solomon Islands',561231),(169,'Suriname',539276),(170,'Luxembourg',530380),(171,'CapeVerde',498897),(172,'Guadeloupe',465800),(173,'Malta',429004),(174,'Brunei',417784),(175,'Martinique',403682),(176,'Bahamas',377374),(177,'Maldives',345023),(178,'Belize',331900),(179,'Iceland',329535),(180,'Barbados',284644),(181,'French Polynesia',276831),(182,'New Caledonia',256496),(183,'Vanuatu',252763),(184,'French Guiana',249227),(185,'Mayotte',222152),(186,'Samoa',190372),(187,'Saint Lucia',182273);
/*!40000 ALTER TABLE `country` ENABLE KEYS */;
UNLOCK TABLES;

--
-- Table structure for table `following`
--

DROP TABLE IF EXISTS `following`;
/*!40101 SET @saved_cs_client     = @@character_set_client */;
/*!40101 SET character_set_client = utf8 */;
CREATE TABLE `following` (
  `Follower` varchar(45) NOT NULL,
  `Followee` varchar(45) NOT NULL,
  KEY `UserNames_idx` (`Follower`,`Followee`),
  KEY `followeeToPerson_idx` (`Followee`),
  CONSTRAINT `followeeToPerson` FOREIGN KEY (`Followee`) REFERENCES `person` (`UserName`) ON DELETE NO ACTION ON UPDATE NO ACTION,
  CONSTRAINT `followerToPerson` FOREIGN KEY (`Follower`) REFERENCES `person` (`UserName`) ON DELETE NO ACTION ON UPDATE NO ACTION
) ENGINE=InnoDB DEFAULT CHARSET=big5;
/*!40101 SET character_set_client = @saved_cs_client */;

--
-- Dumping data for table `following`
--

LOCK TABLES `following` WRITE;
/*!40000 ALTER TABLE `following` DISABLE KEYS */;
INSERT INTO `following` VALUES ('abc123','abc123'),('abc123','aviyosef'),('abc123','buckle1'),('abc123','itsbitzy'),('abc123','josealva'),('abc123','malikkabul'),('abc123','mariaduk'),('abc123','mickeyYolo1'),('abc123','monkeyMan'),('abc123','pierlesu'),('abc123','pimplePopper'),('abc123','roys'),('abc123','saralevi'),('abc123','sushiWoman'),('abc123','taliktamir'),('abc123','TylerD'),('abc123','WaxOnWaxOff'),('abc123','Whiskey56'),('appleEater','appleEater'),('appleEater','Embedded3'),('appleEater','GraphIt33'),('appleEater','Hood11'),('appleEater','ImmigrationMan'),('appleEater','JensPhoto'),('appleEater','Kruschev11'),('appleEater','loveMoney'),('appleEater','loveTraveling'),('appleEater','MyAnimalIs'),('appleEater','Obama1775'),('appleEater','realDonaldTrumpsExWife'),('appleEater','realPresident'),('appleEater','smartExpo'),('appleEater','TravelerPhoto'),('appleEater','TravelingMan44'),('appleEater','UglyMonkey'),('appleEater','WebDeveloper3'),('aviyosef','aviyosef'),('aviyosef','buckle1'),('aviyosef','eskimo100'),('aviyosef','itsbitzy'),('aviyosef','malikkabul'),('aviyosef','mickeyYolo'),('aviyosef','mickeyYolo1'),('aviyosef','pierlesu'),('aviyosef','pimplePopper'),('aviyosef','roys'),('aviyosef','saralevi'),('aviyosef','sushiWoman'),('aviyosef','taliktamir'),('aviyosef','TylerD'),('aviyosef','watupdude'),('aviyosef','WaxOnWaxOff'),('BoatsAndHoes11','abc123'),('BoatsAndHoes11','aviyosef'),('BoatsAndHoes11','BoatsAndHoes11'),('BoatsAndHoes11','CarlosD'),('BoatsAndHoes11','ChrisC'),('BoatsAndHoes11','josealva'),('BoatsAndHoes11','mariaduk'),('BoatsAndHoes11','monkeyMan'),('BoatsAndHoes11','pierlesu'),('BoatsAndHoes11','pimplePopper'),('BoatsAndHoes11','robertB'),('BoatsAndHoes11','RobinSmith'),('BoatsAndHoes11','roys'),('BoatsAndHoes11','saralevi'),('BoatsAndHoes11','shellysmith'),('BoatsAndHoes11','sushiWoman'),('BoatsAndHoes11','Tompp'),('BoatsAndHoes11','Whiskey56'),('BoatsAndHoes11','yoda1'),('buckle1','buckle1'),('buckle1','eskimo100'),('buckle1','itsbitzy'),('buckle1','i_am_Yoda'),('buckle1','mickeyYolo'),('buckle1','mickeyYolo1'),('buckle1','watupdude'),('CarlosD','abc123'),('CarlosD','CarlosD'),('CarlosD','ChrisC'),('CarlosD','josealva'),('CarlosD','robertB'),('CarlosD','RobinSmith'),('CarlosD','shellysmith'),('CarlosD','Tompp'),('CarlosD','yoda1'),('CashMoney','appleEater'),('CashMoney','CashMoney'),('CashMoney','DMme'),('CashMoney','expoMarker'),('CashMoney','Hood11'),('CashMoney','housten177'),('CashMoney','ImmigrationMan'),('CashMoney','jetman'),('CashMoney','jetman44'),('CashMoney','Kruschev11'),('CashMoney','mrSaki'),('CashMoney','Obama1775'),('CashMoney','ObiOneKonobi'),('CashMoney','realDonaldTrumpsExWife'),('CashMoney','smartExpo'),('CashMoney','sushiMan'),('Charly15','appleEater'),('Charly15','CashMoney'),('Charly15','Charly15'),('Charly15','DMme'),('Charly15','expoMarker'),('Charly15','GardenGuy'),('Charly15','housten177'),('Charly15','jetman'),('Charly15','jetman44'),('Charly15','JJdidtie'),('Charly15','mcusc33'),('Charly15','mrSaki'),('Charly15','ObiOneKonobi'),('Charly15','passwd123123'),('Charly15','smartWaterMan'),('Charly15','sushiMan'),('ChrisC','abc123'),('ChrisC','aviyosef'),('ChrisC','ChrisC'),('ChrisC','josealva'),('ChrisC','mariaduk'),('ChrisC','monkeyMan'),('ChrisC','pierlesu'),('ChrisC','pimplePopper'),('ChrisC','robertB'),('ChrisC','RobinSmith'),('ChrisC','roys'),('ChrisC','saralevi'),('ChrisC','shellysmith'),('ChrisC','sushiWoman'),('ChrisC','Tompp'),('ChrisC','Whiskey56'),('ChrisC','yoda1'),('DMme','DMme'),('DMme','housten177'),('DMme','jetman'),('DMme','jetman44'),('DMme','mrSaki'),('DMme','ObiOneKonobi'),('Embedded3','BoatsAndHoes11'),('Embedded3','CarlosD'),('Embedded3','ChrisC'),('Embedded3','Embedded3'),('Embedded3','footDoc'),('Embedded3','marriamCandy'),('Embedded3','robertB'),('Embedded3','WebDev1'),('Embedded3','WebDev2'),('Embedded3','WebDev4'),('Embedded3','WebDeveloper3'),('Embedded3','websterDictionary'),('eskimo100','CashMoney'),('eskimo100','Charly15'),('eskimo100','DMme'),('eskimo100','eskimo100'),('eskimo100','GardenGuy'),('eskimo100','IbanRuss'),('eskimo100','imtheCaptainNow'),('eskimo100','i_am_Yoda'),('eskimo100','JJdidtie'),('eskimo100','mcusc33'),('eskimo100','MisterTal'),('eskimo100','MonkeyDo'),('eskimo100','monkeySee'),('eskimo100','passwd123123'),('eskimo100','smartWaterMan'),('eskimo100','watupdude'),('eskimo100','windowCleaner'),('expoMarker','appleEater'),('expoMarker','expoMarker'),('expoMarker','ImmigrationMan'),('expoMarker','Kruschev11'),('expoMarker','Obama1775'),('expoMarker','realDonaldTrumpsExWife'),('expoMarker','smartExpo'),('footDoc','abc123'),('footDoc','aviyosef'),('footDoc','BoatsAndHoes11'),('footDoc','CarlosD'),('footDoc','ChrisC'),('footDoc','footDoc'),('footDoc','josealva'),('footDoc','mariaduk'),('footDoc','marriamCandy'),('footDoc','monkeyMan'),('footDoc','robertB'),('footDoc','RobinSmith'),('footDoc','shellysmith'),('footDoc','Tompp'),('footDoc','websterDictionary'),('footDoc','Whiskey56'),('footDoc','yoda1'),('GardenGuy','appleEater'),('GardenGuy','CashMoney'),('GardenGuy','DMme'),('GardenGuy','expoMarker'),('GardenGuy','GardenGuy'),('GardenGuy','housten177'),('GardenGuy','jetman'),('GardenGuy','jetman44'),('GardenGuy','mrSaki'),('GardenGuy','ObiOneKonobi'),('GardenGuy','smartExpo'),('GardenGuy','sushiMan'),('GraphIt33','BoatsAndHoes11'),('GraphIt33','CarlosD'),('GraphIt33','Embedded3'),('GraphIt33','footDoc'),('GraphIt33','GraphIt33'),('GraphIt33','marriamCandy'),('GraphIt33','WebDev1'),('GraphIt33','WebDev2'),('GraphIt33','WebDev4'),('GraphIt33','WebDeveloper3'),('GraphIt33','websterDictionary'),('Hood11','Embedded3'),('Hood11','footDoc'),('Hood11','GraphIt33'),('Hood11','Hood11'),('Hood11','JensPhoto'),('Hood11','loveMoney'),('Hood11','loveTraveling'),('Hood11','MyAnimalIs'),('Hood11','realPresident'),('Hood11','TravelerPhoto'),('Hood11','TravelingMan44'),('Hood11','UglyMonkey'),('Hood11','WebDev1'),('Hood11','WebDev2'),('Hood11','WebDev4'),('Hood11','WebDeveloper3'),('housten177','appleEater'),('housten177','expoMarker'),('housten177','housten177'),('housten177','ImmigrationMan'),('housten177','mrSaki'),('housten177','Obama1775'),('housten177','realDonaldTrumpsExWife'),('housten177','smartExpo'),('housten177','sushiMan'),('IbanRuss','CashMoney'),('IbanRuss','Charly15'),('IbanRuss','DMme'),('IbanRuss','GardenGuy'),('IbanRuss','IbanRuss'),('IbanRuss','jetman'),('IbanRuss','jetman44'),('IbanRuss','JJdidtie'),('IbanRuss','mcusc33'),('IbanRuss','ObiOneKonobi'),('IbanRuss','passwd123123'),('IbanRuss','smartWaterMan'),('ImmigrationMan','Embedded3'),('ImmigrationMan','GraphIt33'),('ImmigrationMan','Hood11'),('ImmigrationMan','ImmigrationMan'),('ImmigrationMan','JensPhoto'),('ImmigrationMan','Kruschev11'),('ImmigrationMan','loveMoney'),('ImmigrationMan','loveTraveling'),('ImmigrationMan','MyAnimalIs'),('ImmigrationMan','Obama1775'),('ImmigrationMan','realDonaldTrumpsExWife'),('ImmigrationMan','realPresident'),('ImmigrationMan','TravelerPhoto'),('ImmigrationMan','TravelingMan44'),('ImmigrationMan','UglyMonkey'),('ImmigrationMan','WebDev1'),('ImmigrationMan','WebDev2'),('ImmigrationMan','WebDev4'),('ImmigrationMan','WebDeveloper3'),('imtheCaptainNow','CashMoney'),('imtheCaptainNow','Charly15'),('imtheCaptainNow','DMme'),('imtheCaptainNow','GardenGuy'),('imtheCaptainNow','IbanRuss'),('imtheCaptainNow','imtheCaptainNow'),('imtheCaptainNow','JJdidtie'),('imtheCaptainNow','mcusc33'),('imtheCaptainNow','MisterTal'),('imtheCaptainNow','MonkeyDo'),('imtheCaptainNow','monkeySee'),('imtheCaptainNow','passwd123123'),('imtheCaptainNow','smartWaterMan'),('imtheCaptainNow','windowCleaner'),('itsbitzy','eskimo100'),('itsbitzy','imtheCaptainNow'),('itsbitzy','itsbitzy'),('itsbitzy','i_am_Yoda'),('itsbitzy','mickeyYolo'),('itsbitzy','monkeySee'),('itsbitzy','watupdude'),('i_am_Yoda','imtheCaptainNow'),('i_am_Yoda','i_am_Yoda'),('i_am_Yoda','MisterTal'),('i_am_Yoda','MonkeyDo'),('i_am_Yoda','monkeySee'),('JensPhoto','Embedded3'),('JensPhoto','footDoc'),('JensPhoto','GraphIt33'),('JensPhoto','JensPhoto'),('JensPhoto','marriamCandy'),('JensPhoto','WebDev1'),('JensPhoto','WebDev2'),('JensPhoto','WebDev4'),('JensPhoto','WebDeveloper3'),('jetman','appleEater'),('jetman','expoMarker'),('jetman','Hood11'),('jetman','housten177'),('jetman','ImmigrationMan'),('jetman','jetman'),('jetman','Kruschev11'),('jetman','mrSaki'),('jetman','MyAnimalIs'),('jetman','Obama1775'),('jetman','realDonaldTrumpsExWife'),('jetman','smartExpo'),('jetman','sushiMan'),('jetman44','appleEater'),('jetman44','expoMarker'),('jetman44','Hood11'),('jetman44','housten177'),('jetman44','ImmigrationMan'),('jetman44','jetman'),('jetman44','jetman44'),('jetman44','Kruschev11'),('jetman44','loveMoney'),('jetman44','mrSaki'),('jetman44','MyAnimalIs'),('jetman44','Obama1775'),('jetman44','realDonaldTrumpsExWife'),('jetman44','smartExpo'),('jetman44','sushiMan'),('jetman44','UglyMonkey'),('JJdidtie','appleEater'),('JJdidtie','CashMoney'),('JJdidtie','DMme'),('JJdidtie','expoMarker'),('JJdidtie','GardenGuy'),('JJdidtie','housten177'),('JJdidtie','jetman'),('JJdidtie','jetman44'),('JJdidtie','JJdidtie'),('JJdidtie','mcusc33'),('JJdidtie','mrSaki'),('JJdidtie','ObiOneKonobi'),('JJdidtie','passwd123123'),('JJdidtie','smartExpo'),('JJdidtie','smartWaterMan'),('JJdidtie','sushiMan'),('josealva','aviyosef'),('josealva','josealva'),('josealva','mariaduk'),('josealva','monkeyMan'),('josealva','pierlesu'),('josealva','pimplePopper'),('josealva','roys'),('josealva','saralevi'),('josealva','sushiWoman'),('josealva','TylerD'),('josealva','Whiskey56'),('Kruschev11','Embedded3'),('Kruschev11','footDoc'),('Kruschev11','GraphIt33'),('Kruschev11','Hood11'),('Kruschev11','JensPhoto'),('Kruschev11','Kruschev11'),('Kruschev11','loveMoney'),('Kruschev11','loveTraveling'),('Kruschev11','marriamCandy'),('Kruschev11','MyAnimalIs'),('Kruschev11','realPresident'),('Kruschev11','TravelerPhoto'),('Kruschev11','TravelingMan44'),('Kruschev11','UglyMonkey'),('Kruschev11','WebDev1'),('Kruschev11','WebDev2'),('Kruschev11','WebDev4'),('Kruschev11','WebDeveloper3'),('Kruschev11','websterDictionary'),('loveMoney','loveMoney'),('loveMoney','loveTraveling'),('loveMoney','realPresident'),('loveMoney','TravelerPhoto'),('loveMoney','TravelingMan44'),('loveTraveling','BoatsAndHoes11'),('loveTraveling','CarlosD'),('loveTraveling','ChrisC'),('loveTraveling','Embedded3'),('loveTraveling','footDoc'),('loveTraveling','GraphIt33'),('loveTraveling','JensPhoto'),('loveTraveling','loveTraveling'),('loveTraveling','marriamCandy'),('loveTraveling','realPresident'),('loveTraveling','TravelerPhoto'),('loveTraveling','TravelingMan44'),('loveTraveling','WebDev1'),('loveTraveling','WebDev2'),('loveTraveling','WebDev4'),('loveTraveling','WebDeveloper3'),('loveTraveling','websterDictionary'),('malikkabul','buckle1'),('malikkabul','eskimo100'),('malikkabul','imtheCaptainNow'),('malikkabul','itsbitzy'),('malikkabul','i_am_Yoda'),('malikkabul','malikkabul'),('malikkabul','mickeyYolo'),('malikkabul','mickeyYolo1'),('malikkabul','MisterTal'),('malikkabul','MonkeyDo'),('malikkabul','monkeySee'),('malikkabul','taliktamir'),('malikkabul','watupdude'),('mariaduk','aviyosef'),('mariaduk','buckle1'),('mariaduk','itsbitzy'),('mariaduk','malikkabul'),('mariaduk','mariaduk'),('mariaduk','mickeyYolo1'),('mariaduk','monkeyMan'),('mariaduk','pierlesu'),('mariaduk','pimplePopper'),('mariaduk','roys'),('mariaduk','saralevi'),('mariaduk','sushiWoman'),('mariaduk','taliktamir'),('mariaduk','TylerD'),('mariaduk','WaxOnWaxOff'),('mariaduk','Whiskey56'),('marriamCandy','BoatsAndHoes11'),('marriamCandy','CarlosD'),('marriamCandy','ChrisC'),('marriamCandy','marriamCandy'),('marriamCandy','robertB'),('marriamCandy','RobinSmith'),('marriamCandy','shellysmith'),('marriamCandy','Tompp'),('marriamCandy','websterDictionary'),('mcusc33','CashMoney'),('mcusc33','DMme'),('mcusc33','GardenGuy'),('mcusc33','mcusc33'),('mcusc33','passwd123123'),('mcusc33','smartWaterMan'),('mickeyYolo','eskimo100'),('mickeyYolo','imtheCaptainNow'),('mickeyYolo','i_am_Yoda'),('mickeyYolo','mickeyYolo'),('mickeyYolo','monkeySee'),('mickeyYolo','watupdude'),('mickeyYolo1','eskimo100'),('mickeyYolo1','imtheCaptainNow'),('mickeyYolo1','itsbitzy'),('mickeyYolo1','i_am_Yoda'),('mickeyYolo1','mickeyYolo'),('mickeyYolo1','mickeyYolo1'),('mickeyYolo1','MisterTal'),('mickeyYolo1','MonkeyDo'),('mickeyYolo1','monkeySee'),('mickeyYolo1','watupdude'),('MisterTal','CashMoney'),('MisterTal','Charly15'),('MisterTal','DMme'),('MisterTal','GardenGuy'),('MisterTal','IbanRuss'),('MisterTal','JJdidtie'),('MisterTal','mcusc33'),('MisterTal','MisterTal'),('MisterTal','ObiOneKonobi'),('MisterTal','passwd123123'),('MisterTal','smartWaterMan'),('MisterTal','windowCleaner'),('MonkeyDo','CashMoney'),('MonkeyDo','Charly15'),('MonkeyDo','DMme'),('MonkeyDo','GardenGuy'),('MonkeyDo','IbanRuss'),('MonkeyDo','JJdidtie'),('MonkeyDo','mcusc33'),('MonkeyDo','MisterTal'),('MonkeyDo','MonkeyDo'),('MonkeyDo','ObiOneKonobi'),('MonkeyDo','passwd123123'),('MonkeyDo','smartWaterMan'),('MonkeyDo','windowCleaner'),('monkeyMan','aviyosef'),('monkeyMan','monkeyMan'),('monkeyMan','pierlesu'),('monkeyMan','pimplePopper'),('monkeyMan','roys'),('monkeyMan','saralevi'),('monkeyMan','sushiWoman'),('monkeyMan','TylerD'),('monkeyMan','WaxOnWaxOff'),('monkeyMan','Whiskey56'),('monkeySee','Charly15'),('monkeySee','IbanRuss'),('monkeySee','MisterTal'),('monkeySee','MonkeyDo'),('monkeySee','monkeySee'),('monkeySee','windowCleaner'),('mrSaki','appleEater'),('mrSaki','expoMarker'),('mrSaki','Hood11'),('mrSaki','ImmigrationMan'),('mrSaki','Kruschev11'),('mrSaki','loveMoney'),('mrSaki','mrSaki'),('mrSaki','MyAnimalIs'),('mrSaki','Obama1775'),('mrSaki','realDonaldTrumpsExWife'),('mrSaki','smartExpo'),('mrSaki','sushiMan'),('mrSaki','UglyMonkey'),('MyAnimalIs','Embedded3'),('MyAnimalIs','footDoc'),('MyAnimalIs','GraphIt33'),('MyAnimalIs','JensPhoto'),('MyAnimalIs','loveMoney'),('MyAnimalIs','loveTraveling'),('MyAnimalIs','MyAnimalIs'),('MyAnimalIs','realPresident'),('MyAnimalIs','TravelerPhoto'),('MyAnimalIs','TravelingMan44'),('MyAnimalIs','UglyMonkey'),('MyAnimalIs','WebDev1'),('MyAnimalIs','WebDev2'),('MyAnimalIs','WebDev4'),('MyAnimalIs','WebDeveloper3'),('Obama1775','Embedded3'),('Obama1775','GraphIt33'),('Obama1775','Hood11'),('Obama1775','JensPhoto'),('Obama1775','Kruschev11'),('Obama1775','loveMoney'),('Obama1775','loveTraveling'),('Obama1775','MyAnimalIs'),('Obama1775','Obama1775'),('Obama1775','realPresident'),('Obama1775','TravelerPhoto'),('Obama1775','TravelingMan44'),('Obama1775','UglyMonkey'),('Obama1775','WebDev1'),('Obama1775','WebDev4'),('Obama1775','WebDeveloper3'),('ObiOneKonobi','housten177'),('ObiOneKonobi','jetman'),('ObiOneKonobi','jetman44'),('ObiOneKonobi','mrSaki'),('ObiOneKonobi','ObiOneKonobi'),('passwd123123','CashMoney'),('passwd123123','DMme'),('passwd123123','GardenGuy'),('passwd123123','housten177'),('passwd123123','jetman'),('passwd123123','jetman44'),('passwd123123','mrSaki'),('passwd123123','ObiOneKonobi'),('passwd123123','passwd123123'),('passwd123123','smartWaterMan'),('pierlesu','buckle1'),('pierlesu','malikkabul'),('pierlesu','pierlesu'),('pierlesu','sushiWoman'),('pierlesu','taliktamir'),('pierlesu','TylerD'),('pierlesu','WaxOnWaxOff'),('pimplePopper','pierlesu'),('pimplePopper','pimplePopper'),('pimplePopper','roys'),('pimplePopper','saralevi'),('pimplePopper','sushiWoman'),('pimplePopper','TylerD'),('realDonaldTrumpsExWife','Embedded3'),('realDonaldTrumpsExWife','GraphIt33'),('realDonaldTrumpsExWife','Hood11'),('realDonaldTrumpsExWife','JensPhoto'),('realDonaldTrumpsExWife','Kruschev11'),('realDonaldTrumpsExWife','loveMoney'),('realDonaldTrumpsExWife','loveTraveling'),('realDonaldTrumpsExWife','MyAnimalIs'),('realDonaldTrumpsExWife','Obama1775'),('realDonaldTrumpsExWife','realDonaldTrumpsExWife'),('realDonaldTrumpsExWife','realPresident'),('realDonaldTrumpsExWife','TravelerPhoto'),('realDonaldTrumpsExWife','TravelingMan44'),('realDonaldTrumpsExWife','UglyMonkey'),('realDonaldTrumpsExWife','WebDev1'),('realDonaldTrumpsExWife','WebDev4'),('realDonaldTrumpsExWife','WebDeveloper3'),('realPresident','BoatsAndHoes11'),('realPresident','CarlosD'),('realPresident','ChrisC'),('realPresident','Embedded3'),('realPresident','footDoc'),('realPresident','GraphIt33'),('realPresident','JensPhoto'),('realPresident','marriamCandy'),('realPresident','realPresident'),('realPresident','robertB'),('realPresident','RobinSmith'),('realPresident','TravelerPhoto'),('realPresident','TravelingMan44'),('realPresident','WebDev1'),('realPresident','WebDev2'),('realPresident','WebDev4'),('realPresident','WebDeveloper3'),('realPresident','websterDictionary'),('robertB','abc123'),('robertB','robertB'),('robertB','RobinSmith'),('robertB','shellysmith'),('robertB','Tompp'),('robertB','yoda1'),('RobinSmith','abc123'),('RobinSmith','josealva'),('RobinSmith','mariaduk'),('RobinSmith','monkeyMan'),('RobinSmith','RobinSmith'),('RobinSmith','shellysmith'),('RobinSmith','Tompp'),('RobinSmith','Whiskey56'),('RobinSmith','yoda1'),('roys','buckle1'),('roys','itsbitzy'),('roys','malikkabul'),('roys','mickeyYolo'),('roys','mickeyYolo1'),('roys','pierlesu'),('roys','roys'),('roys','saralevi'),('roys','sushiWoman'),('roys','taliktamir'),('roys','TylerD'),('roys','WaxOnWaxOff'),('saralevi','buckle1'),('saralevi','malikkabul'),('saralevi','pierlesu'),('saralevi','saralevi'),('saralevi','sushiWoman'),('saralevi','taliktamir'),('saralevi','TylerD'),('saralevi','WaxOnWaxOff'),('shellysmith','abc123'),('shellysmith','aviyosef'),('shellysmith','josealva'),('shellysmith','mariaduk'),('shellysmith','monkeyMan'),('shellysmith','shellysmith'),('shellysmith','Tompp'),('shellysmith','Whiskey56'),('shellysmith','yoda1'),('smartExpo','Hood11'),('smartExpo','ImmigrationMan'),('smartExpo','Kruschev11'),('smartExpo','loveMoney'),('smartExpo','loveTraveling'),('smartExpo','MyAnimalIs'),('smartExpo','Obama1775'),('smartExpo','realDonaldTrumpsExWife'),('smartExpo','smartExpo'),('smartExpo','UglyMonkey'),('smartWaterMan','appleEater'),('smartWaterMan','CashMoney'),('smartWaterMan','DMme'),('smartWaterMan','expoMarker'),('smartWaterMan','GardenGuy'),('smartWaterMan','housten177'),('smartWaterMan','jetman'),('smartWaterMan','jetman44'),('smartWaterMan','mrSaki'),('smartWaterMan','ObiOneKonobi'),('smartWaterMan','smartWaterMan'),('smartWaterMan','sushiMan'),('sushiMan','appleEater'),('sushiMan','expoMarker'),('sushiMan','Hood11'),('sushiMan','ImmigrationMan'),('sushiMan','JensPhoto'),('sushiMan','Kruschev11'),('sushiMan','loveMoney'),('sushiMan','loveTraveling'),('sushiMan','MyAnimalIs'),('sushiMan','Obama1775'),('sushiMan','realDonaldTrumpsExWife'),('sushiMan','realPresident'),('sushiMan','smartExpo'),('sushiMan','sushiMan'),('sushiMan','TravelerPhoto'),('sushiMan','TravelingMan44'),('sushiMan','UglyMonkey'),('sushiWoman','buckle1'),('sushiWoman','itsbitzy'),('sushiWoman','malikkabul'),('sushiWoman','mickeyYolo'),('sushiWoman','mickeyYolo1'),('sushiWoman','sushiWoman'),('sushiWoman','taliktamir'),('sushiWoman','TylerD'),('sushiWoman','WaxOnWaxOff'),('taliktamir','buckle1'),('taliktamir','Charly15'),('taliktamir','eskimo100'),('taliktamir','IbanRuss'),('taliktamir','imtheCaptainNow'),('taliktamir','itsbitzy'),('taliktamir','i_am_Yoda'),('taliktamir','JJdidtie'),('taliktamir','mcusc33'),('taliktamir','mickeyYolo'),('taliktamir','mickeyYolo1'),('taliktamir','MisterTal'),('taliktamir','MonkeyDo'),('taliktamir','monkeySee'),('taliktamir','passwd123123'),('taliktamir','smartWaterMan'),('taliktamir','taliktamir'),('taliktamir','watupdude'),('taliktamir','windowCleaner'),('Tompp','abc123'),('Tompp','josealva'),('Tompp','mariaduk'),('Tompp','Tompp'),('Tompp','yoda1'),('TravelerPhoto','BoatsAndHoes11'),('TravelerPhoto','CarlosD'),('TravelerPhoto','ChrisC'),('TravelerPhoto','Embedded3'),('TravelerPhoto','footDoc'),('TravelerPhoto','GraphIt33'),('TravelerPhoto','JensPhoto'),('TravelerPhoto','marriamCandy'),('TravelerPhoto','robertB'),('TravelerPhoto','RobinSmith'),('TravelerPhoto','shellysmith'),('TravelerPhoto','Tompp'),('TravelerPhoto','TravelerPhoto'),('TravelerPhoto','WebDev1'),('TravelerPhoto','WebDev2'),('TravelerPhoto','WebDev4'),('TravelerPhoto','WebDeveloper3'),('TravelerPhoto','websterDictionary'),('TravelerPhoto','yoda1'),('TravelingMan44','BoatsAndHoes11'),('TravelingMan44','Embedded3'),('TravelingMan44','footDoc'),('TravelingMan44','GraphIt33'),('TravelingMan44','JensPhoto'),('TravelingMan44','marriamCandy'),('TravelingMan44','TravelerPhoto'),('TravelingMan44','TravelingMan44'),('TravelingMan44','WebDev1'),('TravelingMan44','WebDev2'),('TravelingMan44','WebDev4'),('TravelingMan44','WebDeveloper3'),('TravelingMan44','websterDictionary'),('TylerD','buckle1'),('TylerD','eskimo100'),('TylerD','itsbitzy'),('TylerD','malikkabul'),('TylerD','mickeyYolo'),('TylerD','mickeyYolo1'),('TylerD','taliktamir'),('TylerD','TylerD'),('TylerD','watupdude'),('TylerD','WaxOnWaxOff'),('UglyMonkey','Embedded3'),('UglyMonkey','GraphIt33'),('UglyMonkey','JensPhoto'),('UglyMonkey','loveMoney'),('UglyMonkey','loveTraveling'),('UglyMonkey','realPresident'),('UglyMonkey','TravelerPhoto'),('UglyMonkey','TravelingMan44'),('UglyMonkey','UglyMonkey'),('UglyMonkey','WebDeveloper3'),('watupdude','CashMoney'),('watupdude','Charly15'),('watupdude','DMme'),('watupdude','GardenGuy'),('watupdude','IbanRuss'),('watupdude','imtheCaptainNow'),('watupdude','i_am_Yoda'),('watupdude','jetman'),('watupdude','jetman44'),('watupdude','JJdidtie'),('watupdude','mcusc33'),('watupdude','MisterTal'),('watupdude','MonkeyDo'),('watupdude','monkeySee'),('watupdude','ObiOneKonobi'),('watupdude','passwd123123'),('watupdude','smartWaterMan'),('watupdude','watupdude'),('watupdude','windowCleaner'),('WaxOnWaxOff','buckle1'),('WaxOnWaxOff','eskimo100'),('WaxOnWaxOff','imtheCaptainNow'),('WaxOnWaxOff','itsbitzy'),('WaxOnWaxOff','i_am_Yoda'),('WaxOnWaxOff','malikkabul'),('WaxOnWaxOff','mickeyYolo'),('WaxOnWaxOff','mickeyYolo1'),('WaxOnWaxOff','MisterTal'),('WaxOnWaxOff','MonkeyDo'),('WaxOnWaxOff','monkeySee'),('WaxOnWaxOff','taliktamir'),('WaxOnWaxOff','watupdude'),('WaxOnWaxOff','WaxOnWaxOff'),('WebDev1','abc123'),('WebDev1','BoatsAndHoes11'),('WebDev1','CarlosD'),('WebDev1','ChrisC'),('WebDev1','footDoc'),('WebDev1','josealva'),('WebDev1','marriamCandy'),('WebDev1','robertB'),('WebDev1','RobinSmith'),('WebDev1','shellysmith'),('WebDev1','Tompp'),('WebDev1','WebDev1'),('WebDev1','WebDev2'),('WebDev1','WebDev4'),('WebDev1','websterDictionary'),('WebDev1','yoda1'),('WebDev2','abc123'),('WebDev2','BoatsAndHoes11'),('WebDev2','CarlosD'),('WebDev2','ChrisC'),('WebDev2','footDoc'),('WebDev2','josealva'),('WebDev2','mariaduk'),('WebDev2','marriamCandy'),('WebDev2','monkeyMan'),('WebDev2','robertB'),('WebDev2','RobinSmith'),('WebDev2','shellysmith'),('WebDev2','Tompp'),('WebDev2','WebDev2'),('WebDev2','websterDictionary'),('WebDev2','Whiskey56'),('WebDev2','yoda1'),('WebDev4','BoatsAndHoes11'),('WebDev4','CarlosD'),('WebDev4','ChrisC'),('WebDev4','footDoc'),('WebDev4','marriamCandy'),('WebDev4','robertB'),('WebDev4','WebDev2'),('WebDev4','WebDev4'),('WebDev4','websterDictionary'),('WebDeveloper3','abc123'),('WebDeveloper3','BoatsAndHoes11'),('WebDeveloper3','CarlosD'),('WebDeveloper3','ChrisC'),('WebDeveloper3','footDoc'),('WebDeveloper3','josealva'),('WebDeveloper3','marriamCandy'),('WebDeveloper3','robertB'),('WebDeveloper3','RobinSmith'),('WebDeveloper3','shellysmith'),('WebDeveloper3','Tompp'),('WebDeveloper3','WebDev1'),('WebDeveloper3','WebDev2'),('WebDeveloper3','WebDev4'),('WebDeveloper3','WebDeveloper3'),('WebDeveloper3','websterDictionary'),('WebDeveloper3','yoda1'),('websterDictionary','abc123'),('websterDictionary','BoatsAndHoes11'),('websterDictionary','CarlosD'),('websterDictionary','ChrisC'),('websterDictionary','josealva'),('websterDictionary','mariaduk'),('websterDictionary','monkeyMan'),('websterDictionary','robertB'),('websterDictionary','RobinSmith'),('websterDictionary','shellysmith'),('websterDictionary','Tompp'),('websterDictionary','websterDictionary'),('websterDictionary','yoda1'),('Whiskey56','aviyosef'),('Whiskey56','buckle1'),('Whiskey56','eskimo100'),('Whiskey56','itsbitzy'),('Whiskey56','i_am_Yoda'),('Whiskey56','malikkabul'),('Whiskey56','mickeyYolo'),('Whiskey56','mickeyYolo1'),('Whiskey56','pierlesu'),('Whiskey56','pimplePopper'),('Whiskey56','roys'),('Whiskey56','saralevi'),('Whiskey56','sushiWoman'),('Whiskey56','taliktamir'),('Whiskey56','TylerD'),('Whiskey56','watupdude'),('Whiskey56','WaxOnWaxOff'),('Whiskey56','Whiskey56'),('windowCleaner','CashMoney'),('windowCleaner','Charly15'),('windowCleaner','DMme'),('windowCleaner','GardenGuy'),('windowCleaner','IbanRuss'),('windowCleaner','jetman'),('windowCleaner','jetman44'),('windowCleaner','JJdidtie'),('windowCleaner','mcusc33'),('windowCleaner','ObiOneKonobi'),('windowCleaner','passwd123123'),('windowCleaner','smartWaterMan'),('windowCleaner','windowCleaner'),('yoda1','abc123'),('yoda1','aviyosef'),('yoda1','josealva'),('yoda1','malikkabul'),('yoda1','mariaduk'),('yoda1','monkeyMan'),('yoda1','pierlesu'),('yoda1','pimplePopper'),('yoda1','roys'),('yoda1','saralevi'),('yoda1','sushiWoman'),('yoda1','taliktamir'),('yoda1','TylerD'),('yoda1','WaxOnWaxOff'),('yoda1','Whiskey56'),('yoda1','yoda1');
/*!40000 ALTER TABLE `following` ENABLE KEYS */;
UNLOCK TABLES;

--
-- Table structure for table `language`
--

DROP TABLE IF EXISTS `language`;
/*!40101 SET @saved_cs_client     = @@character_set_client */;
/*!40101 SET character_set_client = utf8 */;
CREATE TABLE `language` (
  `LngID` int(11) NOT NULL,
  `LngName` varchar(45) NOT NULL,
  PRIMARY KEY (`LngID`)
) ENGINE=InnoDB DEFAULT CHARSET=big5;
/*!40101 SET character_set_client = @saved_cs_client */;

--
-- Dumping data for table `language`
--

LOCK TABLES `language` WRITE;
/*!40000 ALTER TABLE `language` DISABLE KEYS */;
INSERT INTO `language` VALUES (1,'Mandarin'),(2,'Spanish'),(3,'English'),(4,'Hindi'),(5,'Arabic'),(6,'Portuguese'),(7,'Bengali'),(8,'Russian'),(9,'Japanese'),(10,'Punjabi'),(11,'German'),(12,'Javanese'),(13,'Wu(Shanghainese)'),(14,'Malay/Indonesian'),(15,'Telugu'),(16,'Vietnamese'),(17,'Korean'),(18,'French'),(19,'Marathi'),(20,'Tamil'),(21,'Urdu'),(22,'Turkish'),(23,'Italian'),(24,'Cantonese'),(25,'Thai'),(26,'Gujarati'),(27,'Jin'),(28,'Southern'),(29,'Persian'),(30,'Polish'),(31,'Pashto'),(32,'Kannada'),(33,'Xiang'),(34,'Malayalam'),(35,'Sundanese'),(36,'Hausa'),(37,'Odia'),(38,'Burmese'),(39,'Hakka'),(40,'Ukrainian'),(41,'Bhojpuri'),(42,'Tagalog'),(43,'Yoruba'),(44,'Maithili'),(45,'Uzbek'),(46,'Sindhi'),(47,'Amharic'),(48,'Fula'),(49,'Romanian'),(50,'Oromo'),(51,'Igbo'),(52,'Azerbaijani'),(53,'Awadhi'),(54,'GanChinese'),(55,'Cebuano'),(56,'Dutch'),(57,'Kurdish'),(58,'Serbo-Croatian'),(59,'Malagasy'),(60,'Saraiki'),(61,'Nepali'),(62,'Sinhalese'),(63,'Chittagonian'),(64,'Zhuang'),(65,'Khmer'),(66,'Turkmen'),(67,'Assamese'),(68,'Madurese'),(69,'Somali'),(70,'Marwari'),(71,'Magahi'),(72,'Haryanvi'),(73,'Hungarian'),(74,'Chhattisgarhi'),(75,'Greek'),(76,'Chewa'),(77,'Deccan'),(78,'Akan'),(79,'Kazakh'),(80,'Northern Min'),(81,'Sylheti'),(82,'Zulu'),(83,'Czech'),(84,'Kinyarwanda'),(85,'Dhundhari'),(86,'Haitian Creole'),(87,'Eastern Min'),(88,'Ilocano'),(89,'Quechua'),(90,'Kirundi'),(91,'Swedish'),(92,'Hmong'),(93,'Shona'),(94,'Uyghur'),(95,'Hiligaynon'),(96,'Mossi'),(97,'Xhosa'),(98,'Belarusian'),(99,'Balochi'),(100,'Konkani'),(101,'Hebrew');
/*!40000 ALTER TABLE `language` ENABLE KEYS */;
UNLOCK TABLES;

--
-- Table structure for table `person`
--

DROP TABLE IF EXISTS `person`;
/*!40101 SET @saved_cs_client     = @@character_set_client */;
/*!40101 SET character_set_client = utf8 */;
CREATE TABLE `person` (
  `UserName` varchar(45) NOT NULL,
  `Name` varchar(45) DEFAULT NULL,
  `Email` varchar(45) NOT NULL,
  `DOB` varchar(45) DEFAULT NULL,
  `HomeCity` int(11) DEFAULT NULL,
  `PrfLng` int(11) DEFAULT NULL,
  PRIMARY KEY (`UserName`),
  KEY `PrfLng` (`PrfLng`),
  KEY `HomeCity_idx` (`HomeCity`),
  CONSTRAINT `HomeCity` FOREIGN KEY (`HomeCity`) REFERENCES `city` (`CityId`) ON DELETE NO ACTION ON UPDATE NO ACTION,
  CONSTRAINT `PrfLng` FOREIGN KEY (`PrfLng`) REFERENCES `language` (`LngID`) ON DELETE NO ACTION ON UPDATE NO ACTION
) ENGINE=InnoDB DEFAULT CHARSET=big5;
/*!40101 SET character_set_client = @saved_cs_client */;

--
-- Dumping data for table `person`
--

LOCK TABLES `person` WRITE;
/*!40000 ALTER TABLE `person` DISABLE KEYS */;
INSERT INTO `person` VALUES ('abc123','Pedro','abc123@yahoo.com','6.21.57',38,2),('appleEater','Brittany','appleEater@apples.com','10.27.99',50,33),('aviyosef','Avi','avi999@gmail.com','4.4.81',150,3),('BoatsAndHoes11','Jakob','BoatsAndHoes11@bots.com','4.18.66',36,1),('buckle1','Vance','buckle1@gmail.com','4.12.67',32,8),('CarlosD','Carlos','carlosddd@gmail.com','3.1.88',18,1),('CashMoney','Brian','CashMoney@subway.com','11.28.78',41,24),('Charly15','Charlie','Charly15@gmail.com','5.19.38',30,18),('ChrisC','Chris','chris123@gmail.com','1.1.90',93,1),('DMme','Bryan','DMme@yahoo.com','12.30.79',42,25),('Embedded3','Monique','Embedded3@embtech.net.uk','10.17.59',3,47),('eskimo100','Roberta','eskimo100@gmail.com','5.25.79',6,10),('expoMarker','Jasmin','expoMarker@expo.edu','11.31.88',49,32),('footDoc','Melissa','footDoc@cox.net','9.19.69',34,71),('GardenGuy','Katie','GardenGuy@cox.net','12.29.96',41,23),('GraphIt33','Arlene','GraphIt33@graph.net.uk','12.17.88',64,46),('Hood11','Shanainay','Hood11@hoodmix.net','1.7.75',58,41),('housten177','Rocio','housten177@chinachina.net','12.25.86',45,29),('IbanRuss','Quinten','IbanRuss@gmail.com','6.18.48',29,17),('ImmigrationMan','Sonny','ImmigrationMan@ice.com','10.15.91',52,35),('imtheCaptainNow','Andrea','imtheCaptainNow@gmail.com','8.16.84',13,13),('itsbitzy','Joey','itsbitzy@gmail.com','1.7.88',1,9),('i_am_Yoda','Robby','i_am_Yoda@gmail.com','7.25.87',8,12),('JensPhoto','Bernice','JensPhoto@jensphoto.net','11.27.97',63,45),('jetman','Redgy','jetman@chenny.com','9.8.95',44,28),('jetman44','John','jetman44@oracle.com','11.7.53',44,27),('JJdidtie','Vince','JJdidtie@gmail.com','3.8.58',31,19),('josealva','Jose','josepapi@yahoo.com','2.24.98',12,2),('Kruschev11','Kat','Kruschev11@kgb.rus','5.27.98',55,39),('loveMoney','Chris','loveMoney@deathrowrecords.com','6.7.94',59,42),('loveTraveling','Christopher','loveTraveling@aftermath.net','7.17.83',60,42),('malikkabul','Malik','mamamalik@yahoo.com','7.7.88',85,7),('mariaduk','Maria','marryalba@gmail.com','3.21.80',12,2),('marriamCandy','Vanessa','marriamCandy@marriam.com','7.4.90',67,99),('mcusc33','JuYun','mcusc33@net.com','8.19.66',33,20),('mickeyYolo','Leah','mickeyYolo@yahoo.com','4.7.68',5,9),('mickeyYolo1','Tommy','mickeyYolo1@yahoo.com','3.2.18',4,8),('MisterTal','Tal','MisterTal@gmail.com','6.1.87',28,16),('MonkeyDo','Orlando','MonkeyDo@yahoo.com','10.7.86',28,15),('monkeyMan','Kate','monkeyMan@subway.com','11.28.85',46,2),('monkeySee','Andy','monkeySee@gmail.com','9.17.83',27,14),('mrSaki','Antonio','mrSaki@hitl.de','12.25.76',46,30),('MyAnimalIs','Mike','MyAnimalIs@thevet.org','6.17.89',56,41),('Obama1775','Perry','Obama1775@gmail.com','4.17.87',54,38),('ObiOneKonobi','Jon','ObiOneKonobi@sprite.com','11.7.87',43,26),('passwd123123','Pedra','passwd123123@gmail.com','7.21.58',39,21),('pierlesu','Pier','pierlala1212@gmail.com','4.19.81',29,4),('pimplePopper','Jake','pimplePopper@mix.com','3.18.85',35,3),('realDonaldTrumpsExWife','Carlos','realDonaldTrumpsExWife@gmail.com','10.7.82',53,36),('realPresident','Obama','realPresident@yahoo.com','9.7.76',3,43),('robertB','Robert','rob123@yahoo.com','8.15.95',89,1),('RobinSmith','Robin','rsmith@yahoo.com','8.20.76',89,1),('roys','Roy','roy@gmail.com','12.3.86',150,3),('saralevi','Sara','saral@yahoo.com','12.31.90',150,3),('shellysmith','Shelly','shellythequeen@yahoo.com','7.29',32,1),('smartExpo','Annabel','smartExpo@exposmart.net','7.16.70',52,34),('smartWaterMan','Katy','smartWaterMan@gmail.com','12.22.57',33,22),('sushiMan','Anastacio','sushiMan@dans.jp','5.29.66',47,31),('sushiWoman','Julie','sushiWoman@dans.uk','12.28.87',48,4),('taliktamir','Talik','noone12@gmail.com','7.22.95',17,7),('Tompp','Tommy','tom223@gmail.com','6.1.80',53,1),('TravelerPhoto','Jenny','TravelerPhoto@photo.net','9.27.46',62,44),('TravelingMan44','Jennifer','TravelingMan44@trav.net','8.27.52',61,43),('TylerD','Tyler','tyler555@gmail.com','5.5.90',29,4),('UglyMonkey','Mack','UglyMonkey@monkey.edu','2.7.0',57,41),('watupdude','Robert','watupdude@yahoo.com','6.3.87',7,11),('WaxOnWaxOff','Melissa','WaxOnWaxOff@gmail.com','2.4.77',3,4),('WebDev1','Alex','WebDev1@webdev.jp','8.27.70',63,49),('WebDev2','Dazlyn','WebDev2@webdev.jp','5.30.78',65,51),('WebDev4','Kila','WebDev4@webdev.jp','9.25.51',64,50),('WebDeveloper3','Mali','WebDeveloper3@webdev.de','7.17.68',62,48),('websterDictionary','Amanda','websterDictionary@websters.com','6.22.99',66,100),('Whiskey56','Jacob','Whiskey56@mix1.com','5.30.54',37,2),('windowCleaner','Tasha','windowCleaner@windows.com','10.18.80',51,16),('yoda1','Franky','yoda1@yahoo.com','12.6.49',2,1);
/*!40000 ALTER TABLE `person` ENABLE KEYS */;
UNLOCK TABLES;

--
-- Table structure for table `tweets`
--

DROP TABLE IF EXISTS `tweets`;
/*!40101 SET @saved_cs_client     = @@character_set_client */;
/*!40101 SET character_set_client = utf8 */;
CREATE TABLE `tweets` (
  `Tid` int(11) NOT NULL,
  `User` varchar(45) NOT NULL,
  `Date` varchar(45) NOT NULL,
  `City` int(11) DEFAULT NULL,
  `Msg` varchar(140) DEFAULT NULL,
  PRIMARY KEY (`Tid`),
  KEY `User_idx` (`User`),
  KEY `City_idx` (`City`),
  CONSTRAINT `City` FOREIGN KEY (`City`) REFERENCES `city` (`CityId`) ON DELETE NO ACTION ON UPDATE NO ACTION,
  CONSTRAINT `User` FOREIGN KEY (`User`) REFERENCES `person` (`UserName`) ON DELETE NO ACTION ON UPDATE NO ACTION
) ENGINE=InnoDB DEFAULT CHARSET=big5;
/*!40101 SET character_set_client = @saved_cs_client */;

--
-- Dumping data for table `tweets`
--

LOCK TABLES `tweets` WRITE;
/*!40000 ALTER TABLE `tweets` DISABLE KEYS */;
INSERT INTO `tweets` VALUES (1,'aviyosef','3.24.16',150,'So who thinks that most other people like donald trump are idiots. #HateDonaldTrump'),(2,'CarlosD','3.24.16',18,'I Hate Donald Trump He Just Try in Too Bring Slavery Back #HateDonaldTrump'),(3,'ChrisC','3.25.16',93,'nobody likes you..not even your wife and kids/grandkids/that is so sad..loser! your neg #\'s are stunning #hateDonaldTrump'),(4,'josealva','3.25.16',12,'If Donald Trump becomes the president it will be either a start of something bad or an end. #HATETHATRACIST #HATEDONALDTRUMP'),(5,'malikkabul','4.2.16',85,'donald trump should not be president these four years i hate you #HateDonaldtrump'),(6,'mariaduk','4.2.16',12,'#hatedonaldtrump because he\'s the most ignorant man in the world'),(7,'pierlesu','4.2.16',29,'#hatedonaldtrump starting a new hash tag, put this and what you hate about him'),(8,'robertB','4.2.16',89,'Donald trump shut up your a ugly mess retweet if you agree #hatedonaldtrump #shutyourmouth #donaldtrump'),(9,'RobinSmith','4.22.16',89,'Donald Trump says Sacha Baron Cohen is a third rate character. Look who is talking. #HateDonaldTrump.'),(10,'roys','4.6.16',150,'Not much to blog about today. Except for Obamas birth certificate. #hatedonaldtrump'),(11,'saralevi','4.14.16',150,'has had more horrendously racist moments than any leading presidential candidate in 40+ years.'),(12,'shellysmith','4.11.16',32,'Damn that reminds me. I gotta finish this Trump book. '),(13,'taliktamir','4.10.16',17,'Rep. John Duncan Endorses The Donald: Trump Will Use \'Tremendous Leverage on Trade\' - Breitbart http://bit.ly/1TlxotH '),(14,'Tompp','4.10.16',53,'Run on Trump\'s ticket? No thanks, some say. \"Like buying a ticket on the Titanic.\"'),(15,'TylerD','4.2.16',29,'Donald Trump is if Wario ran for president.'),(16,'aviyosef','4.30.16',150,'A magnitude of 6.0 #earthquake strikes SW of Lakatoro, #Vanuatu at 8:35 GMT Sat (USGS)'),(17,'CarlosD','4.30.16',18,'#HFTelethon16 More recently @humanityfirst responded to catastrophic 2010 Haiti earthquake'),(18,'ChrisC','4.30.16',93,'5.1 earthquake, 27km SW of Lakatoro, Vanuatu. 2016-04-30 20:26:30 at epicenter (24m ago, depth 12km). http://tinyurl.com/jzseoz4 '),(19,'josealva','4.30.16',12,'Nuclear power plant stays online in Japan despite aftershocks from earthquake '),(20,'malikkabul','4.30.16',85,'5.0 earthquake, 31km SW of Norsup, Vanuatu. 2016-04-30 15:38:28 at epicenter (27m ago, depth 10km). http://tinyurl.com/zul6oo2 '),(21,'mariaduk','4.30.16',12,'By Crying Her Little Heart Out, Tiny Puppy Saves Her Littermates From Earthquake Rubble - http://bit.ly/1VXXIAs '),(22,'pierlesu','4.29.16',29,'At least seven taxi drivers in northeast Japan have reported picking up the ghost of a person who died in the 2011 earthquake and tsunami.'),(23,'robertB','4.29.16',89,'California\'s so funny I always think it\'s an earthquake but it\'s just my physically debilitating anxiety'),(24,'RobinSmith','4.29.16',89,'Prelim M6.8 earthquake northern East Pacific Rise Apr-29 01:33 UTC, updates '),(25,'roys','4.28.16',150,'this location in Nepal was destroyed in the recent terrible earth quake .. so sad .. but I believ they rebuild'),(26,'saralevi','4.28.16',150,'this location in Nepal was destroyed in the recent terrible earth quake .. so sad .. but I believ they rebuild');
/*!40000 ALTER TABLE `tweets` ENABLE KEYS */;
UNLOCK TABLES;
/*!40103 SET TIME_ZONE=@OLD_TIME_ZONE */;

/*!40101 SET SQL_MODE=@OLD_SQL_MODE */;
/*!40014 SET FOREIGN_KEY_CHECKS=@OLD_FOREIGN_KEY_CHECKS */;
/*!40014 SET UNIQUE_CHECKS=@OLD_UNIQUE_CHECKS */;
/*!40101 SET CHARACTER_SET_CLIENT=@OLD_CHARACTER_SET_CLIENT */;
/*!40101 SET CHARACTER_SET_RESULTS=@OLD_CHARACTER_SET_RESULTS */;
/*!40101 SET COLLATION_CONNECTION=@OLD_COLLATION_CONNECTION */;
/*!40111 SET SQL_NOTES=@OLD_SQL_NOTES */;

-- Dump completed on 2016-05-01 20:42:35
